2019-01-01 12:00:00;Sensor0;O3;50.25;     
2019-01-01 12:00:00;Sensor1;O3;63.04;     
2019-01-01 12:00:00;Sensor2;O3;47.84;     
2019-01-01 12:00:00;Sensor3;O3;24.97;     
2019-01-01 12:00:00;Sensor4;O3;26.5;      
2019-01-01 12:00:00;Sensor5;O3;27.92;     
2019-01-01 12:00:00;Sensor6;O3;44.82;     
2019-01-01 12:00:00;Sensor7;O3;47.64;     
2019-01-01 12:00:00;Sensor8;O3;38.11;     
2019-01-01 12:00:00;Sensor9;O3;42.78;     
2019-01-01 12:00:00;Sensor10;O3;44.22;    
